[{"type":"video","id":"3y-O-4IL-PU","title":"Cardi B &amp; Bruno Mars - Please Me (Official Video)","duration":"3:52","channel":"Cardi B","view":"32,738,374 views"},{"type":"video","id":"plfFxlDYkZ0","title":"Roman Reigns wants a Shield reunion: Raw, March 4, 2019","duration":"5:10","channel":"WWE","view":"938,604 views"},{"type":"video","id":"yaJx0Gj_LCY","title":"Billie Eilish - wish you were gay (Audio)","duration":"3:42","channel":"Billie Eilish","view":"4,340,156 views"},{"type":"video","id":"uilJZZ_iVwY","title":"SHAZAM! - Official Trailer 2 - Only In Theaters April 5","duration":"2:05","channel":"Warner Bros. Pictures","view":"3,465,291 views"},{"type":"video","id":"7y3OcSTEh-Y","title":"Jej Vinson Stuns the Coaches with &quot;Passionfruit&quot; - The Voice Blind Auditions 2019","duration":"6:32","channel":"The Voice","view":"631,494 views"},{"type":"video","id":"gTvdVmYAlPM","title":"HIGHEST Dunk Contest Ever | $50,000 Dunk Competition","duration":"15:17","channel":"Whistle","view":"394,272 views"},{"type":"video","id":"dXFIB3JQ-BY","title":"Johanna Jones&#39; Audition Reveals CRAZY Singing Trick - American Idol 2019 on ABC","duration":"5:41","channel":"American Idol","view":"503,594 views"},{"type":"video","id":"Ik0iR1IBIQg","title":"The Funniest Moments On Kitchen Nightmares","duration":"11:10","channel":"Gordon Ramsay","view":"1,009,032 views"},{"type":"video","id":"lsZ_5HzigNw","title":"Chris Broussard on how LeBron should handle his decline &amp; Kyrie&#39;s media pressure | NBA | THE HERD","duration":"9:01","channel":"The Herd with Colin Cowherd","view":"194,476 views"},{"type":"video","id":"ROUH8akGCE0","title":"Skip Bayless: LeBron needs to go full MJ or Kobe and close games for the Lakers | NBA | UNDISPUTED","duration":"11:38","channel":"Skip and Shannon: UNDISPUTED","view":"603,110 views"},{"type":"video","id":"LjEk9shdqfM","title":"Lakers or Celtics: Who is the bigger mess? | First Take","duration":"6:57","channel":"ESPN","view":"401,099 views"},{"type":"video","id":"YysWbPzkgpo","title":"Jonas Brothers - Sucker (Director&#39;s Cut)","duration":"5:09","channel":"Jonas Brothers","view":"1,338,461 views"},{"type":"video","id":"2_M0nuGFU2c","title":"&#39;Riverdale&#39; and &#39;90210&#39; actor Luke Perry dies after a massive stroke","duration":"1:06","channel":"ABC News","view":"162,419 views"},{"type":"video","id":"C7OolopxmMk","title":"SIDEMEN BREAK WORLD RECORDS","duration":"25:21","channel":"Sidemen","view":"2,870,920 views"},{"type":"video","id":"7ijzCB-A76A","title":"I Made A Giant 30-Pound Donut For A Bodybuilder \u2022 Tasty","duration":"14:12","channel":"Tasty","view":"2,138,697 views"}]